<?xml version="1.0" encoding="UTF-8"?>
<metadata xml:lang="en"><Esri><CreaDate>20231029</CreaDate><CreaTime>07245000</CreaTime><ArcGISFormat>1.0</ArcGISFormat><SyncOnce>FALSE</SyncOnce><DataProperties><itemProps><itemName Sync="TRUE">Rondonia_Land__ComputeChange.crf</itemName><itemLocation><linkage Sync="TRUE">file://D:\EsriTrainingGISForClimateAction\RondoniaDeforestation\RondoniaDeforestation\Rondonia_Land__ComputeChange.crf</linkage><protocol Sync="TRUE">Local Area Network</protocol></itemLocation><imsContentType Sync="TRUE">002</imsContentType><nativeExtBox><westBL Sync="TRUE">-740133.979134</westBL><eastBL Sync="TRUE">24616.430948</eastBL><southBL Sync="TRUE">2111147.695981</southBL><northBL Sync="TRUE">2776188.568437</northBL><exTypeCode Sync="TRUE">1</exTypeCode></nativeExtBox></itemProps><coordRef><type Sync="TRUE">Projected</type><geogcsn Sync="TRUE">GCS_South_American_1969</geogcsn><csUnits Sync="TRUE">Linear Unit: Meter (1.000000)</csUnits><projcsn Sync="TRUE">South_America_Albers_Equal_Area_Conic</projcsn><peXml Sync="TRUE">&lt;ProjectedCoordinateSystem xsi:type='typens:ProjectedCoordinateSystem' xmlns:xsi='http://www.w3.org/2001/XMLSchema-instance' xmlns:xs='http://www.w3.org/2001/XMLSchema' xmlns:typens='http://www.esri.com/schemas/ArcGIS/3.1.0'&gt;&lt;WKT&gt;PROJCS[&amp;quot;South_America_Albers_Equal_Area_Conic&amp;quot;,GEOGCS[&amp;quot;GCS_South_American_1969&amp;quot;,DATUM[&amp;quot;D_South_American_1969&amp;quot;,SPHEROID[&amp;quot;GRS_1967_Truncated&amp;quot;,6378160.0,298.25]],PRIMEM[&amp;quot;Greenwich&amp;quot;,0.0],UNIT[&amp;quot;Degree&amp;quot;,0.0174532925199433]],PROJECTION[&amp;quot;Albers&amp;quot;],PARAMETER[&amp;quot;False_Easting&amp;quot;,0.0],PARAMETER[&amp;quot;False_Northing&amp;quot;,0.0],PARAMETER[&amp;quot;Central_Meridian&amp;quot;,-60.0],PARAMETER[&amp;quot;Standard_Parallel_1&amp;quot;,-5.0],PARAMETER[&amp;quot;Standard_Parallel_2&amp;quot;,-42.0],PARAMETER[&amp;quot;Latitude_Of_Origin&amp;quot;,-32.0],UNIT[&amp;quot;Meter&amp;quot;,1.0],AUTHORITY[&amp;quot;Esri&amp;quot;,102033]]&lt;/WKT&gt;&lt;XOrigin&gt;-21059800&lt;/XOrigin&gt;&lt;YOrigin&gt;-10226500&lt;/YOrigin&gt;&lt;XYScale&gt;213848166.99923527&lt;/XYScale&gt;&lt;ZOrigin&gt;-100000&lt;/ZOrigin&gt;&lt;ZScale&gt;10000&lt;/ZScale&gt;&lt;MOrigin&gt;-100000&lt;/MOrigin&gt;&lt;MScale&gt;10000&lt;/MScale&gt;&lt;XYTolerance&gt;0.001&lt;/XYTolerance&gt;&lt;ZTolerance&gt;0.001&lt;/ZTolerance&gt;&lt;MTolerance&gt;0.001&lt;/MTolerance&gt;&lt;HighPrecision&gt;true&lt;/HighPrecision&gt;&lt;WKID&gt;102033&lt;/WKID&gt;&lt;LatestWKID&gt;102033&lt;/LatestWKID&gt;&lt;/ProjectedCoordinateSystem&gt;</peXml></coordRef><RasterProperties><General><PixelDepth Sync="TRUE">16</PixelDepth><HasColormap Sync="TRUE">FALSE</HasColormap><CompressionType Sync="TRUE">LERC2D</CompressionType><NumBands Sync="TRUE">1</NumBands><Format Sync="TRUE">Cache/LERC2D</Format><HasPyramids Sync="TRUE">TRUE</HasPyramids><SourceType Sync="TRUE">discrete</SourceType><PixelType Sync="TRUE">unsigned integer</PixelType><NoDataValue Sync="TRUE"></NoDataValue></General></RasterProperties><lineage><Process ToolSource="c:\program files\arcgis\pro\Resources\ArcToolbox\toolboxes\Image Analyst Tools.tbx\ComputeChangeRaster" Date="20231029" Time="072451">ComputeChangeRaster Rondonia_Land_Cover_1992 Rondonia_Land_Cover_2020 D:\EsriTrainingGISForClimateAction\RondoniaDeforestation\RondoniaDeforestation\Rondonia_Land__ComputeChange.crf "Categorical difference" 'Rainfed Cropland';'Herbaceous Cropland';'Mostly Cropland in a Mosaic with Natural Vegetation';'Mostly Natural Vegetation in a Mosaic with Cropland';'Closed to Open Canopy Broadleaved Evergreen Tree Cover';'Closed to Open Canopy Broadleaved Deciduous Tree Cover';'Closed Canopy Broadleaved Deciduous Tree Cover';'Closed to Open Canopy Needleleaved Deciduous Tree Cover';'Mostly Trees and Shrubs in a Mosaic with Herbaceous Cover';'Mostly Herbaceous Cover in a Mosaic with Trees and Shrubs';Shrubland;Grassland;'Fresh or Brackish Water Flooded Tree Cover';'Saline Water Flooded Tree Cover';'Flooded Shrub or Herbaceous Cover';'Urban Areas';'Bare Areas';'Bodies of Water' 'Rainfed Cropland';'Herbaceous Cropland';'Mostly Cropland in a Mosaic with Natural Vegetation';'Mostly Natural Vegetation in a Mosaic with Cropland';'Closed to Open Canopy Broadleaved Evergreen Tree Cover';'Closed to Open Canopy Broadleaved Deciduous Tree Cover';'Closed Canopy Broadleaved Deciduous Tree Cover';'Closed to Open Canopy Needleleaved Deciduous Tree Cover';'Mostly Trees and Shrubs in a Mosaic with Herbaceous Cover';'Mostly Herbaceous Cover in a Mosaic with Trees and Shrubs';Shrubland;Grassland;'Fresh or Brackish Water Flooded Tree Cover';'Saline Water Flooded Tree Cover';'Flooded Shrub or Herbaceous Cover';'Urban Areas';'Bare Areas';'Bodies of Water' "Changed pixels only" "Average From and To colors" # #</Process></lineage></DataProperties><SyncDate>20231029</SyncDate><SyncTime>07245000</SyncTime><ModDate>20231029</ModDate><ModTime>07245000</ModTime></Esri><dataIdInfo><envirDesc Sync="TRUE">Microsoft Windows 10 Version 10.0 (Build 22621) ; Esri ArcGIS 13.1.3.41833</envirDesc><dataLang><languageCode value="eng" Sync="TRUE"></languageCode><countryCode value="USA" Sync="TRUE"></countryCode></dataLang><idCitation><resTitle Sync="TRUE">Rondonia_Land__ComputeChange.crf</resTitle><presForm><PresFormCd value="005" Sync="TRUE"></PresFormCd></presForm></idCitation><spatRpType><SpatRepTypCd value="002" Sync="TRUE"></SpatRepTypCd></spatRpType><dataExt><geoEle><GeoBndBox esriExtentType="search"><exTypeCode Sync="TRUE">1</exTypeCode><westBL Sync="TRUE">-67.089781</westBL><eastBL Sync="TRUE">-59.764026</eastBL><northBL Sync="TRUE">-7.826293</northBL><southBL Sync="TRUE">-13.834919</southBL></GeoBndBox></geoEle></dataExt></dataIdInfo><mdLang><languageCode value="eng" Sync="TRUE"></languageCode><countryCode value="USA" Sync="TRUE"></countryCode></mdLang><mdChar><CharSetCd value="004" Sync="TRUE"></CharSetCd></mdChar><distInfo><distFormat><formatName Sync="TRUE">Raster Dataset</formatName></distFormat></distInfo><mdHrLv><ScopeCd value="005" Sync="TRUE"></ScopeCd></mdHrLv><mdHrLvName Sync="TRUE">dataset</mdHrLvName><refSysInfo><RefSystem><refSysID><identCode code="102033" Sync="TRUE"></identCode><idCodeSpace Sync="TRUE">Esri</idCodeSpace><idVersion Sync="TRUE">8.0.1</idVersion></refSysID></RefSystem></refSysInfo><spatRepInfo><Georect><cellGeo><CellGeoCd Sync="TRUE" value="002"></CellGeoCd></cellGeo><numDims Sync="TRUE">2</numDims><tranParaAv Sync="TRUE">1</tranParaAv><chkPtAv Sync="TRUE">0</chkPtAv><cornerPts><pos Sync="TRUE">-740133.979134 2111147.695981</pos></cornerPts><cornerPts><pos Sync="TRUE">-740133.979134 2776188.568437</pos></cornerPts><cornerPts><pos Sync="TRUE">24616.430948 2776188.568437</pos></cornerPts><cornerPts><pos Sync="TRUE">24616.430948 2111147.695981</pos></cornerPts><centerPt><pos Sync="TRUE">-357758.774093 2443668.132209</pos></centerPt><axisDimension type="002"><dimSize Sync="TRUE">2462</dimSize><dimResol><value Sync="TRUE" uom="m">310.621613</value></dimResol></axisDimension><axisDimension type="001"><dimSize Sync="TRUE">2141</dimSize><dimResol><value Sync="TRUE" uom="m">310.621613</value></dimResol></axisDimension><ptInPixel><PixOrientCd Sync="TRUE" value="001"></PixOrientCd></ptInPixel></Georect></spatRepInfo><eainfo><detailed Name="conf.vat"><enttyp><enttypl Sync="TRUE">conf.vat</enttypl><enttypt Sync="TRUE">Table</enttypt><enttypc Sync="TRUE">307</enttypc></enttyp><attr><attrlabl Sync="TRUE">OID</attrlabl><attalias Sync="TRUE">OID</attalias><attrtype Sync="TRUE">OID</attrtype><attwidth Sync="TRUE">4</attwidth><atprecis Sync="TRUE">0</atprecis><attscale Sync="TRUE">0</attscale><attrdef Sync="TRUE">Internal feature number.</attrdef><attrdefs Sync="TRUE">Esri</attrdefs><attrdomv><udom Sync="TRUE">Sequential unique whole numbers that are automatically generated.</udom></attrdomv></attr><attr><attrlabl Sync="TRUE">Value</attrlabl><attalias Sync="TRUE">Value</attalias><attrtype Sync="TRUE">Integer</attrtype><attwidth Sync="TRUE">10</attwidth><atprecis Sync="TRUE">10</atprecis><attscale Sync="TRUE">0</attscale></attr><attr><attrlabl Sync="TRUE">Classvalue</attrlabl><attalias Sync="TRUE">Classvalue</attalias><attrtype Sync="TRUE">Integer</attrtype><attwidth Sync="TRUE">10</attwidth><atprecis Sync="TRUE">10</atprecis><attscale Sync="TRUE">0</attscale></attr><attr><attrlabl Sync="TRUE">Class_name</attrlabl><attalias Sync="TRUE">Class_name</attalias><attrtype Sync="TRUE">String</attrtype><attwidth Sync="TRUE">254</attwidth><atprecis Sync="TRUE">0</atprecis><attscale Sync="TRUE">0</attscale></attr><attr><attrlabl Sync="TRUE">Class_From</attrlabl><attalias Sync="TRUE">Class_From</attalias><attrtype Sync="TRUE">String</attrtype><attwidth Sync="TRUE">254</attwidth><atprecis Sync="TRUE">0</atprecis><attscale Sync="TRUE">0</attscale></attr><attr><attrlabl Sync="TRUE">Class_To</attrlabl><attalias Sync="TRUE">Class_To</attalias><attrtype Sync="TRUE">String</attrtype><attwidth Sync="TRUE">254</attwidth><atprecis Sync="TRUE">0</atprecis><attscale Sync="TRUE">0</attscale></attr><attr><attrlabl Sync="TRUE">Red</attrlabl><attalias Sync="TRUE">Red</attalias><attrtype Sync="TRUE">Integer</attrtype><attwidth Sync="TRUE">10</attwidth><atprecis Sync="TRUE">10</atprecis><attscale Sync="TRUE">0</attscale></attr><attr><attrlabl Sync="TRUE">Green</attrlabl><attalias Sync="TRUE">Green</attalias><attrtype Sync="TRUE">Integer</attrtype><attwidth Sync="TRUE">10</attwidth><atprecis Sync="TRUE">10</atprecis><attscale Sync="TRUE">0</attscale></attr><attr><attrlabl Sync="TRUE">Blue</attrlabl><attalias Sync="TRUE">Blue</attalias><attrtype Sync="TRUE">Integer</attrtype><attwidth Sync="TRUE">10</attwidth><atprecis Sync="TRUE">10</atprecis><attscale Sync="TRUE">0</attscale></attr><attr><attrlabl Sync="TRUE">Alpha</attrlabl><attalias Sync="TRUE">Alpha</attalias><attrtype Sync="TRUE">Integer</attrtype><attwidth Sync="TRUE">10</attwidth><atprecis Sync="TRUE">10</atprecis><attscale Sync="TRUE">0</attscale></attr></detailed></eainfo><contInfo><ImgDesc><contentTyp><ContentTypCd Sync="TRUE" value="002"></ContentTypCd></contentTyp><covDim><Band><dimDescrp Sync="TRUE">Band_1</dimDescrp><maxVal Sync="TRUE">306.000000</maxVal><minVal Sync="TRUE">0.000000</minVal><bitsPerVal Sync="TRUE">16</bitsPerVal><valUnit><UOM type="length"></UOM></valUnit></Band></covDim></ImgDesc></contInfo><mdDateSt Sync="TRUE">20231029</mdDateSt></metadata>
