<?xml version="1.0" encoding="utf-8" ?><CacheInfo xsi:type='typens:CacheInfo' xmlns:xsi='http://www.w3.org/2001/XMLSchema-instance' xmlns:xs='http://www.w3.org/2001/XMLSchema' xmlns:typens='http://www.esri.com/schemas/ArcGIS/3.1.0'><TileCacheInfo xsi:type='typens:TileCacheInfo'><SpatialReference xsi:type='typens:ProjectedCoordinateSystem'><WKT>PROJCS[&quot;South_America_Albers_Equal_Area_Conic&quot;,GEOGCS[&quot;GCS_South_American_1969&quot;,DATUM[&quot;D_South_American_1969&quot;,SPHEROID[&quot;GRS_1967_Truncated&quot;,6378160.0,298.25]],PRIMEM[&quot;Greenwich&quot;,0.0],UNIT[&quot;Degree&quot;,0.0174532925199433]],PROJECTION[&quot;Albers&quot;],PARAMETER[&quot;False_Easting&quot;,0.0],PARAMETER[&quot;False_Northing&quot;,0.0],PARAMETER[&quot;Central_Meridian&quot;,-60.0],PARAMETER[&quot;Standard_Parallel_1&quot;,-5.0],PARAMETER[&quot;Standard_Parallel_2&quot;,-42.0],PARAMETER[&quot;Latitude_Of_Origin&quot;,-32.0],UNIT[&quot;Meter&quot;,1.0],AUTHORITY[&quot;Esri&quot;,102033]]</WKT><XOrigin>-21059800</XOrigin><YOrigin>-10226500</YOrigin><XYScale>213848166.99923527</XYScale><ZOrigin>-100000</ZOrigin><ZScale>10000</ZScale><MOrigin>-100000</MOrigin><MScale>10000</MScale><XYTolerance>0.001</XYTolerance><ZTolerance>0.001</ZTolerance><MTolerance>0.001</MTolerance><HighPrecision>true</HighPrecision><WKID>102033</WKID><LatestWKID>102033</LatestWKID></SpatialReference><TileOrigin xsi:type='typens:PointN'><X>-740133.97913407884</X><Y>2776188.5684368219</Y><SpatialReference xsi:type='typens:ProjectedCoordinateSystem'><WKT>PROJCS[&quot;South_America_Albers_Equal_Area_Conic&quot;,GEOGCS[&quot;GCS_South_American_1969&quot;,DATUM[&quot;D_South_American_1969&quot;,SPHEROID[&quot;GRS_1967_Truncated&quot;,6378160.0,298.25]],PRIMEM[&quot;Greenwich&quot;,0.0],UNIT[&quot;Degree&quot;,0.0174532925199433]],PROJECTION[&quot;Albers&quot;],PARAMETER[&quot;False_Easting&quot;,0.0],PARAMETER[&quot;False_Northing&quot;,0.0],PARAMETER[&quot;Central_Meridian&quot;,-60.0],PARAMETER[&quot;Standard_Parallel_1&quot;,-5.0],PARAMETER[&quot;Standard_Parallel_2&quot;,-42.0],PARAMETER[&quot;Latitude_Of_Origin&quot;,-32.0],UNIT[&quot;Meter&quot;,1.0],AUTHORITY[&quot;Esri&quot;,102033]]</WKT><XOrigin>-21059800</XOrigin><YOrigin>-10226500</YOrigin><XYScale>213848166.99923527</XYScale><ZOrigin>-100000</ZOrigin><ZScale>10000</ZScale><MOrigin>-100000</MOrigin><MScale>10000</MScale><XYTolerance>0.001</XYTolerance><ZTolerance>0.001</ZTolerance><MTolerance>0.001</MTolerance><HighPrecision>true</HighPrecision><WKID>102033</WKID><LatestWKID>102033</LatestWKID></SpatialReference></TileOrigin><TileCols>256</TileCols><TileRows>256</TileRows><DPI>96</DPI><LODInfos xsi:type='typens:ArrayOfLODInfo'><LODInfo xsi:type='typens:LODInfo'><LevelID>0</LevelID><Scale>18784009.552644502</Scale><Resolution>4969.9458006954601</Resolution></LODInfo><LODInfo xsi:type='typens:LODInfo'><LevelID>1</LevelID><Scale>9392004.7763222512</Scale><Resolution>2484.97290034773</Resolution></LODInfo><LODInfo xsi:type='typens:LODInfo'><LevelID>2</LevelID><Scale>4696002.3881611256</Scale><Resolution>1242.486450173865</Resolution></LODInfo><LODInfo xsi:type='typens:LODInfo'><LevelID>3</LevelID><Scale>2348001.1940805628</Scale><Resolution>621.24322508693251</Resolution></LODInfo><LODInfo xsi:type='typens:LODInfo'><LevelID>4</LevelID><Scale>1174000.5970402814</Scale><Resolution>310.62161254346626</Resolution></LODInfo></LODInfos><PreciseDPI>96</PreciseDPI></TileCacheInfo><TileImageInfo xsi:type='typens:TileImageInfo'><CacheTileFormat>LERC2D</CacheTileFormat><CompressionQuality>0</CompressionQuality><Antialiasing>false</Antialiasing><BandCount>1</BandCount><LERCError>0.10000000000000001</LERCError></TileImageInfo><CacheStorageInfo xsi:type='typens:CacheStorageInfo'><StorageFormat>esriMapCacheStorageModeCompactV2</StorageFormat><PacketSize>16</PacketSize></CacheStorageInfo></CacheInfo>