{
  "origin" : {
    "x" : -740133.979134078836,
    "y" : 2776188.56843682192,
    "spatialReference" : {
      "wkid" : 102033,
      "latestWkid" : 102033
    }
  },
  "extent" : {
    "xmin" : -740133.979134078836,
    "ymin" : 2111147.69598126039,
    "xmax" : 24616.4309479350923,
    "ymax" : 2776188.56843682192,
    "spatialReference" : {
      "wkid" : 102033,
      "latestWkid" : 102033
    }
  },
  "geodataXform" : {
    "spatialReference" : {
      "wkid" : 102033,
      "latestWkid" : 102033
    },
    "type" : "IdentityXform"
  },
  "LODInfos" : {
    "resolutions" : [
      4969.9458006954601,
      2484.97290034773,
      1242.486450173865,
      621.24322508693251,
      310.62161254346626
    ],
    "levels" : [
      0,
      1,
      2,
      3,
      4
    ],
    "scales" : [
      18784009.552644502,
      9392004.7763222512,
      4696002.3881611256,
      2348001.1940805628,
      1174000.5970402814
    ],
    "dpi" : 96,
    "type" : "RasterLODInfos"
  },
  "blockWidth" : 256,
  "blockHeight" : 256,
  "bandCount" : 1,
  "pixelType" : 5,
  "pixelSizeX" : 310.62161254346626,
  "pixelSizeY" : 310.62161254346637,
  "format" : "Cache/LERC2D",
  "compressionType" : "LERC",
  "firstPyramidLevel" : 1,
  "maximumPyramidLevel" : 4,
  "packetSize" : 16,
  "compressionQuality" : 100000,
  "pyramidResamplingType" : 0,
  "LERCError" : 0.10000000000000001,
  "properties" : {
    "KIND" : "IMAGE",
    "BAND_COUNT" : "1",
    "HAS_TABLE" : "0",
    "HAS_XFORM" : "0",
    "BandProperties" : [
      {
        "NoData" : "65535",
        "type" : "PropertySet"
      }
    ],
    "DataType" : "Thematic",
    "ComputeChangeParameters" : {
      "Method" : "2",
      "type" : "PropertySet"
    },
    "type" : "PropertySet"
  },
  "statistics" : [
    {
      "min" : 0,
      "max" : 306,
      "mean" : 246.49842019103789,
      "standardDeviation" : 101.78183419932081,
      "median" : 306,
      "mode" : 306,
      "skipX" : 1,
      "skipY" : 1,
      "count" : 2464222
    }
  ],
  "histograms" : [
    {
      "size" : 307,
      "min" : -0.5,
      "max" : 306.5,
      "counts" : [
        4,
        10,
        0,
        1244,
        79,
        0,
        0,
        127,
        17,
        6,
        2,
        0,
        0,
        48,
        37,
        0,
        3,
        0,
        4,
        0,
        177,
        7,
        0,
        0,
        18,
        0,
        5,
        0,
        0,
        0,
        0,
        57,
        0,
        5,
        0,
        19,
        9,
        9629,
        347,
        0,
        0,
        775,
        0,
        22,
        0,
        29,
        0,
        5,
        264,
        0,
        55,
        0,
        2,
        7,
        459,
        62,
        0,
        0,
        272,
        2,
        2,
        0,
        13,
        0,
        14,
        91,
        0,
        10,
        5979,
        20416,
        436078,
        41481,
        20631,
        0,
        11,
        14937,
        956,
        11879,
        659,
        5696,
        19,
        7858,
        904,
        0,
        7960,
        24,
        258,
        1823,
        1227,
        18130,
        0,
        0,
        1446,
        15,
        2025,
        34,
        7,
        0,
        297,
        4,
        0,
        3,
        0,
        0,
        13,
        0,
        2,
        0,
        0,
        0,
        0,
        0,
        0,
        0,
        0,
        0,
        4,
        0,
        16,
        0,
        0,
        0,
        0,
        13,
        0,
        0,
        0,
        0,
        0,
        0,
        0,
        0,
        3,
        0,
        0,
        0,
        1,
        7,
        124,
        43,
        145,
        22,
        0,
        0,
        29,
        52,
        7,
        18,
        0,
        107,
        160,
        0,
        4,
        2,
        1,
        18,
        2,
        64,
        1,
        0,
        0,
        122,
        0,
        0,
        2,
        0,
        72,
        15,
        0,
        2,
        2,
        211,
        34,
        51,
        279,
        162,
        0,
        0,
        213,
        1,
        0,
        2,
        0,
        15,
        98,
        0,
        25,
        2,
        3,
        30,
        0,
        387,
        28,
        0,
        0,
        320,
        25,
        2,
        79,
        0,
        5224,
        19,
        0,
        33,
        10,
        26,
        291,
        171,
        5357,
        30,
        0,
        9,
        685,
        14,
        105,
        33,
        0,
        1708,
        2,
        0,
        704,
        0,
        0,
        19,
        0,
        42,
        0,
        0,
        0,
        0,
        0,
        7,
        0,
        0,
        7,
        0,
        0,
        11,
        0,
        0,
        6,
        3,
        525,
        16,
        0,
        7,
        1362,
        207,
        12,
        17,
        651,
        0,
        4,
        0,
        401,
        0,
        0,
        0,
        0,
        0,
        0,
        0,
        0,
        0,
        0,
        0,
        0,
        0,
        0,
        0,
        0,
        0,
        0,
        0,
        0,
        0,
        0,
        0,
        0,
        0,
        0,
        0,
        0,
        0,
        0,
        0,
        0,
        0,
        2,
        0,
        0,
        22,
        9,
        102,
        0,
        0,
        0,
        6,
        0,
        5,
        0,
        47,
        8,
        465,
        2,
        6,
        1828095
      ]
    }
  ],
  "type" : "RasterInfo"
}